{"loss": 19.392330169677734, "_timestamp": 1715308180.7967963, "_runtime": 83.12644338607788, "_step": 74, "_wandb": {"runtime": 83}}